{
  "project_info": {
    "project_number": "940746259889",
    "project_id": "flash-chat-642a9",
    "storage_bucket": "flash-chat-642a9.appspot.com"
  },
  "client": [
    {
      "client_info": {
        "mobilesdk_app_id": "1:940746259889:android:88e3cf339627465c59d190",
        "android_client_info": {
          "package_name": "com.kedarnath.black_coffer_app"
        }
      },
      "oauth_client": [
        {
          "client_id": "940746259889-d0n5gq2490dqtoq3sov97bj8eqpbq7cd.apps.googleusercontent.com",
          "client_type": 3
        }
      ],
      "api_key": [
        {
          "current_key": "AIzaSyCTncC_MsoRHedLdNLiOMbpFC1oyeoUQ0g"
        }
      ],
      "services": {
        "appinvite_service": {
          "other_platform_oauth_client": [
            {
              "client_id": "940746259889-d0n5gq2490dqtoq3sov97bj8eqpbq7cd.apps.googleusercontent.com",
              "client_type": 3
            }
          ]
        }
      }
    },
    {
      "client_info": {
        "mobilesdk_app_id": "1:940746259889:android:8eddb1ec36a3fcd459d190",
        "android_client_info": {
          "package_name": "com.kedarnath.mobile_verification"
        }
      },
      "oauth_client": [
        {
          "client_id": "940746259889-d0n5gq2490dqtoq3sov97bj8eqpbq7cd.apps.googleusercontent.com",
          "client_type": 3
        }
      ],
      "api_key": [
        {
          "current_key": "AIzaSyCTncC_MsoRHedLdNLiOMbpFC1oyeoUQ0g"
        }
      ],
      "services": {
        "appinvite_service": {
          "other_platform_oauth_client": [
            {
              "client_id": "940746259889-d0n5gq2490dqtoq3sov97bj8eqpbq7cd.apps.googleusercontent.com",
              "client_type": 3
            }
          ]
        }
      }
    }
  ],
  "configuration_version": "1"
}